key,en,ru
account_frozen,"üö´ <b>Your account is frozen</b>

Access to the bot is temporarily restricted.
Please contact support to unblock your account.","üö´ <b>–í–∞—à –∞–∫–∫–∞—É–Ω—Ç –∑–∞–º–æ—Ä–æ–∂–µ–Ω</b>

–î–æ—Å—Ç—É–ø –∫ –±–æ—Ç—É –≤—Ä–µ–º–µ–Ω–Ω–æ –æ–≥—Ä–∞–Ω–∏—á–µ–Ω.
–î–ª—è —Ä–∞–∑–±–ª–æ–∫–∏—Ä–æ–≤–∫–∏ –æ–±—Ä–∞—Ç–∏—Ç–µ—Å—å –≤ —Ç–µ—Ö–Ω–∏—á–µ—Å–∫—É—é –ø–æ–¥–¥–µ—Ä–∂–∫—É."
account_menu,"üë§ <b>My Account</b>

Choose a section:","üë§ <b>–ú–æ–π –∞–∫–∫–∞—É–Ω—Ç</b>

–í—ã–±–µ—Ä–∏—Ç–µ —Ä–∞–∑–¥–µ–ª:"
all_base_photos_complete,All base photos processed!,–í—Å–µ –±–∞–∑–æ–≤—ã–µ —Ñ–æ—Ç–æ–≥—Ä–∞—Ñ–∏–∏ –æ–±—Ä–∞–±–æ—Ç–∞–Ω—ã!
all_photos_reviewed,All photos reviewed. You have {approved} approved photo(s).,–í—Å–µ —Ñ–æ—Ç–æ–≥—Ä–∞—Ñ–∏–∏ –ø—Ä–æ—Å–º–æ—Ç—Ä–µ–Ω—ã. –£ –≤–∞—Å –µ—Å—Ç—å {approved} —É—Ç–≤–µ—Ä–∂–¥—ë–Ω–Ω—ã—Ö —Ñ–æ—Ç–æ.
angles_base_photo,Base photo:,–ë–∞–∑–æ–≤–æ–µ —Ñ–æ—Ç–æ:
angles_intro,Add new poses and camera angles to create a product profile based on this photo.,–î–æ–±–∞–≤—å—Ç–µ –Ω–æ–≤—ã–µ –ø–æ–∑—ã –∏ —Ä–∞–∫—É—Ä—Å—ã –¥–ª—è —Å–æ–∑–¥–∞–Ω–∏—è –ø—Ä–æ—Ñ–∏–ª—è —Ç–æ–≤–∞—Ä–∞ –Ω–∞ –æ—Å–Ω–æ–≤–µ —ç—Ç–æ–≥–æ —Ñ–æ—Ç–æ.
aspect_need_one,Please select at least one aspect ratio to continue.,"–í—ã–±–µ—Ä–∏—Ç–µ —Ö–æ—Ç—è –±—ã –æ–¥–Ω–æ —Å–æ–æ—Ç–Ω–æ—à–µ–Ω–∏–µ —Å—Ç–æ—Ä–æ–Ω, —á—Ç–æ–±—ã –ø—Ä–æ–¥–æ–ª–∂–∏—Ç—å."
aspect_selected_header,Selected aspect ratios:,–í—ã–±—Ä–∞–Ω–Ω—ã–µ —Å–æ–æ—Ç–Ω–æ—à–µ–Ω–∏—è —Å—Ç–æ—Ä–æ–Ω:
background_need_one,Please select at least one background color to continue.,"–í—ã–±–µ—Ä–∏—Ç–µ —Ö–æ—Ç—è –±—ã –æ–¥–∏–Ω —Ü–≤–µ—Ç —Ñ–æ–Ω–∞, —á—Ç–æ–±—ã –ø—Ä–æ–¥–æ–ª–∂–∏—Ç—å."
background_select_single,"Select one or more background colors to generate photos of your items on a model.
IMPORTANT: If you select multiple backgrounds, the number of generated photos will be multiplied by the number of uploaded items.","–í—ã–±–µ—Ä–∏—Ç–µ –æ–¥–∏–Ω –∏–ª–∏ –Ω–µ—Å–∫–æ–ª—å–∫–æ —Ü–≤–µ—Ç–æ–≤ —Ñ–æ–Ω–∞ –¥–ª—è —Å–æ–∑–¥–∞–Ω–∏—è —Ñ–æ—Ç–æ –≤–∞—à–∏—Ö –≤–µ—â–µ–π –Ω–∞ –º–æ–¥–µ–ª–∏.
–í–ê–ñ–ù–û: –ü—Ä–∏ –≤—ã–±–æ—Ä–µ –Ω–µ—Å–∫–æ–ª—å–∫–∏—Ö —Ñ–æ–Ω–æ–≤ –≥–µ–Ω–µ—Ä–∏—Ä—É–µ—Ç—Å—è —Å–æ–æ—Ç–≤–µ—Ç—Å—Ç–≤—É—é—â–µ–µ –∫–æ–ª–∏—á–µ—Å—Ç–≤–æ —Ñ–æ—Ç–æ–≥—Ä–∞—Ñ–∏–π, –ø–µ—Ä–µ–º–Ω–æ–∂–µ–Ω–Ω–æ–µ –Ω–∞ –∫–æ–ª–∏—á–µ—Å—Ç–≤–æ –∑–∞–≥—Ä—É–∂–µ–Ω–Ω—ã—Ö –≤–µ—â–µ–π."
background_selected_header,Selected background colors:,–í—ã–±—Ä–∞–Ω–Ω—ã–µ —Ü–≤–µ—Ç–∞ —Ñ–æ–Ω–∞:
balance_generations,Generations: <b>{count}</b>,–ì–µ–Ω–µ—Ä–∞—Ü–∏–π: <b>{count}</b>
balance_price_per_gen,Price per generation: <b>{price} ‚ÇΩ</b>,–°—Ç–æ–∏–º–æ—Å—Ç—å 1 –≥–µ–Ω–µ—Ä–∞—Ü–∏–∏: <b>{price} ‚ÇΩ</b>
balance_rubles,Rubles: <b>{amount} ‚ÇΩ</b>,–†—É–±–ª–µ–π: <b>{amount} ‚ÇΩ</b>
balance_title,üí∞ <b>Your Balance</b>,üí∞ <b>–í–∞—à –±–∞–ª–∞–Ω—Å</b>
bg_label_beige,beige,–±–µ–∂–µ–≤—ã–π
bg_label_black,black,—á—ë—Ä–Ω—ã–π
bg_label_pink,pink,—Ä–æ–∑–æ–≤—ã–π
bg_label_white,white,–±–µ–ª—ã–π
btn_add_rear_view,üîÑ Add rear view,üîÑ –î–æ–±–∞–≤–∏—Ç—å –≤–∏–¥ —Å–∑–∞–¥–∏
btn_age_child,Child,–†–µ–±—ë–Ω–æ–∫
btn_age_senior,Senior,–ü–æ–∂–∏–ª–æ–π
btn_age_teen,Teenager,–ü–æ–¥—Ä–æ—Å—Ç–æ–∫
btn_age_young,Young adult (default),–ú–æ–ª–æ–¥–æ–π –≤–∑—Ä–æ—Å–ª—ã–π (–ø–æ —É–º–æ–ª—á–∞–Ω–∏—é)
btn_approve,‚úÖ Approve,‚úÖ –£—Ç–≤–µ—Ä–¥–∏—Ç—å
btn_aspect_16_9,16:9 (4096x2304) ‚Äî wide,16:9 (4096x2304) ‚Äî —à–∏—Ä–æ–∫–∏–π
btn_aspect_1_1,1:1 (4096x4096) ‚Äî square,1:1 (4096x4096) ‚Äî –∫–≤–∞–¥—Ä–∞—Ç
btn_aspect_3_4,3:4 (3072x4096) ‚Äî marketplaces,3:4 (3072x4096) ‚Äî –º–∞—Ä–∫–µ—Ç–ø–ª–µ–π—Å—ã
btn_aspect_9_16,9:16 (2304x4096) ‚Äî stories,9:16 (2304x4096) ‚Äî —Å—Ç–æ—Ä–∏—Å
btn_back,Back,–ù–∞–∑–∞–¥
btn_balance,üí∞ Balance,üí∞ –ë–∞–ª–∞–Ω—Å
btn_bg_beige,Beige background,–ë–µ–∂–µ–≤—ã–π —Ñ–æ–Ω
btn_bg_black,Black background,–ß—ë—Ä–Ω—ã–π —Ñ–æ–Ω
btn_bg_pink,Pink background,–†–æ–∑–æ–≤—ã–π —Ñ–æ–Ω
btn_bg_white,White background,–ë–µ–ª—ã–π —Ñ–æ–Ω
btn_change_angle,üìê Change angle,üìê –°–º–µ–Ω–∏—Ç—å —Ä–∞–∫—É—Ä—Å
btn_change_angle_5x,üìêüìêüìê Change angle 5 times,üìêüìêüìê –°–º–µ–Ω–∏—Ç—å —Ä–∞–∫—É—Ä—Å 5 —Ä–∞–∑
btn_change_pose,üßç Change pose,üßç –°–º–µ–Ω–∏—Ç—å –ø–æ–∑—É
btn_change_pose_5x,üßçüßçüßç Change pose 5 times,üßçüßçüßç –°–º–µ–Ω–∏—Ç—å –ø–æ–∑—É 5 —Ä–∞–∑
btn_check_payment,‚úÖ Check Payment Status,‚úÖ –ü—Ä–æ–≤–µ—Ä–∏—Ç—å –æ–ø–ª–∞—Ç—É
btn_confirm_next,Next,–î–∞–ª–µ–µ
btn_confirm_topup,Top up balance,–ü–æ–ø–æ–ª–Ω–∏—Ç—å –±–∞–ª–∞–Ω—Å
btn_continue_variants,‚û°Ô∏è Continue,‚û°Ô∏è –ü—Ä–æ–¥–æ–ª–∂–∏—Ç—å
btn_create_new_payment,üîÑ Create New Payment,üîÑ –°–æ–∑–¥–∞—Ç—å –Ω–æ–≤—ã–π –ø–ª–∞—Ç–µ–∂
btn_download,‚¨áÔ∏è Download,‚¨áÔ∏è –°–∫–∞—á–∞—Ç—å
btn_finish_photo,‚úÖ Finish,‚úÖ –ó–∞–≤–µ—Ä—à–∏—Ç—å
btn_full_body,üë§ Full body (beta),üë§ –í –ø–æ–ª–Ω—ã–π —Ä–æ—Å—Ç (–±–µ—Ç–∞)
btn_gender_female,Female,–ñ–µ–Ω—â–∏–Ω–∞
btn_gender_male,Male,–ú—É–∂—á–∏–Ω–∞
btn_hair_any,Any,–õ—é–±–æ–π
btn_hair_dark,Dark,–¢—ë–º–Ω—ã–µ
btn_hair_light,Light,–°–≤–µ—Ç–ª—ã–µ
btn_history,üìú History,üìú –ò—Å—Ç–æ—Ä–∏—è
btn_lower_body,üëñ Lower body (beta),üëñ –ù–∏–∑ —Ç–µ–ª–∞ (–±–µ—Ç–∞)
btn_mode_all_items,Use the same settings for all items (faster),–ó–∞–¥–∞—Ç—å –µ–¥–∏–Ω—ã–µ –Ω–∞—Å—Ç—Ä–æ–π–∫–∏ –¥–ª—è –≤—Å–µ—Ö –≤–µ—â–µ–π (–±—ã—Å—Ç—Ä–µ–µ)
btn_mode_per_item,Set settings for each item separately,–ó–∞–¥–∞—Ç—å –Ω–∞—Å—Ç—Ä–æ–π–∫–∏ –¥–ª—è –∫–∞–∂–¥–æ–π –≤–µ—â–∏ –æ—Ç–¥–µ–ª—å–Ω–æ
btn_next,Next,–î–∞–ª–µ–µ
btn_next_page,Next ‚ñ∂Ô∏è,–í–ø–µ—Ä—ë–¥ ‚ñ∂Ô∏è
btn_no_continue,"‚ùå No, continue","‚ùå –ù–µ—Ç, –ø—Ä–æ–¥–æ–ª–∂–∏—Ç—å"
btn_no_rear_photo,‚ùå I don't have a photo from behind (less effective),‚ùå –£ –º–µ–Ω—è –Ω–µ—Ç —Ñ–æ—Ç–æ —Å–∑–∞–¥–∏ (–º–µ–Ω–µ–µ —ç—Ñ—Ñ–µ–∫—Ç–∏–≤–Ω–æ)
btn_pay_now,üí≥ Proceed to Payment,üí≥ –ü–µ—Ä–µ–π—Ç–∏ –∫ –æ–ø–ª–∞—Ç–µ
btn_pay_stars,‚≠êÔ∏è Telegram Stars,‚≠êÔ∏è Telegram Stars
btn_pay_yookassa,üí≥ Bank Card (YooKassa),üí≥ –ë–∞–Ω–∫–æ–≤—Å–∫–∞—è –∫–∞—Ä—Ç–∞ (YooKassa)
btn_prev_page,‚óÄÔ∏è Previous,‚óÄÔ∏è –ù–∞–∑–∞–¥
btn_redo,üîÑ Redo,üîÑ –ü–µ—Ä–µ–¥–µ–ª–∞—Ç—å
btn_redo_new,‚öôÔ∏è Redo with new settings,‚öôÔ∏è –ü–µ—Ä–µ–¥–µ–ª–∞—Ç—å —Å –Ω–æ–≤—ã–º–∏ –Ω–∞—Å—Ç—Ä–æ–π–∫–∞–º–∏
btn_redo_same,üîÑ Redo with same settings,üîÑ –ü–µ—Ä–µ–¥–µ–ª–∞—Ç—å —Å —Ç–µ–º–∏ –∂–µ –Ω–∞—Å—Ç—Ä–æ–π–∫–∞–º–∏
btn_redo_variant,üîÑ Redo,üîÑ –ü–µ—Ä–µ–¥–µ–ª–∞—Ç—å
btn_reject,‚ùå Reject,‚ùå –û—Ç–∫–ª–æ–Ω–∏—Ç—å
btn_return_menu,üè† Return to main menu,üè† –í–µ—Ä–Ω—É—Ç—å—Å—è –≤ –≥–ª–∞–≤–Ω–æ–µ –º–µ–Ω—é
btn_start,Start,–ù–∞—á–∞—Ç—å
btn_style_casual,Casual,–ö—ç–∂—É–∞–ª
btn_style_luxury,Luxury,–õ—é–∫—Å–æ–≤—ã–π
btn_style_sport,Sport,–°–ø–æ—Ä—Ç–∏–≤–Ω—ã–π
btn_style_strict,Strict,–°—Ç—Ä–æ–≥–∏–π
btn_topup,üí≥ Top Up Balance,üí≥ –ü–æ–ø–æ–ª–Ω–∏—Ç—å –±–∞–ª–∞–Ω—Å
btn_topup_balance,üí≥ Top up balance,üí≥ –ü–æ–ø–æ–ª–Ω–∏—Ç—å –±–∞–ª–∞–Ω—Å
btn_upload_flat,Clothing only,–§–æ—Ç–æ –æ–¥–µ–∂–¥—ã
btn_upload_on_mannequin,On a mannequin,–§–æ—Ç–æ –Ω–∞ –º–∞–Ω–µ–∫–µ–Ω–µ
btn_upload_on_person,On a person,–§–æ—Ç–æ –Ω–∞ —á–µ–ª–æ–≤–µ–∫–µ
btn_upper_body,üëî Upper body (beta),üëî –í–µ—Ä—Ö —Ç–µ–ª–∞ (–±–µ—Ç–∞)
btn_use_as_base,üé® Use as Base,üé® –ò—Å–ø–æ–ª—å–∑–æ–≤–∞—Ç—å –∫–∞–∫ –±–∞–∑—É
btn_yes_finish,"‚úÖ Yes, finish","‚úÖ –î–∞, –∑–∞–≤–µ—Ä—à–∏—Ç—å"
cancel_done,Current scenario has been cancelled. You are back to the main menu.,–¢–µ–∫—É—â–∏–π —Å—Ü–µ–Ω–∞—Ä–∏–π –æ—Ç–º–µ–Ω—ë–Ω. –í—ã –≤ –≥–ª–∞–≤–Ω–æ–º –º–µ–Ω—é.
choose_lang_title,Choose interface language:,–í—ã–±–µ—Ä–∏—Ç–µ —è–∑—ã–∫ –∏–Ω—Ç–µ—Ä—Ñ–µ–π—Å–∞:
confirm_finish_photo,Are you sure you want to finish with this photo?,"–í—ã —É–≤–µ—Ä–µ–Ω—ã, —á—Ç–æ —Ö–æ—Ç–∏—Ç–µ –∑–∞–≤–µ—Ä—à–∏—Ç—å —Ä–∞–±–æ—Ç—É —Å —ç—Ç–∏–º —Ñ–æ—Ç–æ?"
confirm_generation_not_enough,You don't have enough generations. Top up via /buy or reduce the number of requested images.,–ù–µ–¥–æ—Å—Ç–∞—Ç–æ—á–Ω–æ –≥–µ–Ω–µ—Ä–∞—Ü–∏–π –Ω–∞ –±–∞–ª–∞–Ω—Å–µ. –ü–æ–ø–æ–ª–Ω–∏—Ç–µ –±–∞–ª–∞–Ω—Å —á–µ—Ä–µ–∑ /buy –∏–ª–∏ —É–º–µ–Ω—å—à–∏—Ç–µ –∫–æ–ª–∏—á–µ—Å—Ç–≤–æ –∑–∞–ø—Ä–∞—à–∏–≤–∞–µ–º—ã—Ö —Ñ–æ—Ç–æ.
confirm_generation_ok,Tap ‚ÄúNext‚Äù to start generation.,"–ù–∞–∂–º–∏—Ç–µ ¬´–î–∞–ª–µ–µ¬ª, —á—Ç–æ–±—ã —Å–æ–∑–¥–∞—Ç—å —Ñ–æ—Ç–æ–≥—Ä–∞—Ñ–∏–∏."
confirm_generation_title,"<b>Pre-generation check</b>

Items: {items}
Background: {background}
Gender: {gender}
Hair: {hair}
Age: {age}
Style: {style}
Aspect ratio: {aspect}

Your balance: {balance} generations.
You are about to create {photos} image(s).","<b>–ü—Ä–æ–≤–µ—Ä–∫–∞ –ø–µ—Ä–µ–¥ –≥–µ–Ω–µ—Ä–∞—Ü–∏–µ–π</b>

–ö–æ–ª–∏—á–µ—Å—Ç–≤–æ –≤–µ—â–µ–π: {items}
–§–æ–Ω: {background}
–ü–æ–ª: {gender}
–í–æ–ª–æ—Å—ã: {hair}
–í–æ–∑—Ä–∞—Å—Ç: {age}
–°—Ç–∏–ª—å: {style}
–°–æ–æ—Ç–Ω–æ—à–µ–Ω–∏–µ —Å—Ç–æ—Ä–æ–Ω: {aspect}

–í–∞—à –±–∞–ª–∞–Ω—Å: {balance} –≥–µ–Ω–µ—Ä–∞—Ü–∏–π.
–í—ã —Å–æ–∑–¥–∞—ë—Ç–µ {photos} —Ñ–æ—Ç–æ."
examples_soon,"Examples section is under development.
Later you will see real-world samples collected from your generations.","–†–∞–∑–¥–µ–ª —Å –ø—Ä–∏–º–µ—Ä–∞–º–∏ –ø–æ–∫–∞ –≤ —Ä–∞–∑—Ä–∞–±–æ—Ç–∫–µ.
–ü–æ–∑–∂–µ –∑–¥–µ—Å—å –ø–æ—è–≤—è—Ç—Å—è —Ä–µ–∞–ª—å–Ω—ã–µ –∫–µ–π—Å—ã, —Å–æ–±—Ä–∞–Ω–Ω—ã–µ –∏–∑ –≤–∞—à–∏—Ö –≥–µ–Ω–µ—Ä–∞—Ü–∏–π."
gender_choose_title,Choose the model gender:,–í—ã–±–µ—Ä–∏—Ç–µ –ø–æ–ª –º–æ–¥–µ–ª–∏:
gender_selected_stub,"Model gender has been saved. The next steps will be hair color, age, style and aspect ratio.","–ü–æ–ª –º–æ–¥–µ–ª–∏ —Å–æ—Ö—Ä–∞–Ω—ë–Ω. –ù–∞ —Å–ª–µ–¥—É—é—â–µ–º —à–∞–≥–µ –±—É–¥–µ—Ç –≤—ã–±–æ—Ä —Ü–≤–µ—Ç–∞ –≤–æ–ª–æ—Å, –≤–æ–∑—Ä–∞—Å—Ç–∞, —Å—Ç–∏–ª—è –∏ —Å–æ–æ—Ç–Ω–æ—à–µ–Ω–∏—è —Å—Ç–æ—Ä–æ–Ω."
generate_intro_short,"To create a try-on shot, you need to upload a clothing photo and set parameters.

Tap ‚ÄúStart‚Äù to see photo guidelines and choose the photo type.","–ß—Ç–æ–±—ã —Å–æ–∑–¥–∞—Ç—å –ø—Ä–∏–º–µ—Ä–æ—á–Ω—ã–π –∫–∞–¥—Ä, –Ω—É–∂–Ω–æ –∑–∞–≥—Ä—É–∑–∏—Ç—å —Ñ–æ—Ç–æ –≤–µ—â–∏ –∏ –∑–∞–¥–∞—Ç—å –ø–∞—Ä–∞–º–µ—Ç—Ä—ã.

–ù–∞–∂–º–∏—Ç–µ ¬´–ù–∞—á–∞—Ç—å¬ª, —á—Ç–æ–±—ã –∏–∑—É—á–∏—Ç—å —Ä–µ–∫–æ–º–µ–Ω–¥–∞—Ü–∏–∏ –∫ —Ñ–æ—Ç–æ –∏ –≤—ã–±—Ä–∞—Ç—å —Ç–∏–ø —Å–Ω–∏–º–∫–∞."
generate_stub_registered,"Generation request registered (ID: {gen_id}).
Prompt builder and Seedream 4.0 invocation will be wired in the next development step.","–ó–∞–ø—Ä–æ—Å –Ω–∞ –≥–µ–Ω–µ—Ä–∞—Ü–∏—é –∑–∞—Ä–µ–≥–∏—Å—Ç—Ä–∏—Ä–æ–≤–∞–Ω (ID: {gen_id}).
–õ–æ–≥–∏–∫–∞ –∫–æ–Ω—Å—Ç—Ä—É–∫—Ç–æ—Ä–∞ –∏ –≤—ã–∑–æ–≤–∞ Seedream 4.0 –±—É–¥–µ—Ç –ø–æ–¥–∫–ª—é—á–µ–Ω–∞ –Ω–∞ —Å–ª–µ–¥—É—é—â–µ–º —ç—Ç–∞–ø–µ —Ä–∞–∑—Ä–∞–±–æ—Ç–∫–∏."
generation_done,Done! Here is your generated shot.,–ì–æ—Ç–æ–≤–æ! –í–æ—Ç —Å–≥–µ–Ω–µ—Ä–∏—Ä–æ–≤–∞–Ω–Ω—ã–π –∫–∞–¥—Ä.
generation_failed,Failed to generate an image. Please try again or contact support.,–ù–µ —É–¥–∞–ª–æ—Å—å –≤—ã–ø–æ–ª–Ω–∏—Ç—å –≥–µ–Ω–µ—Ä–∞—Ü–∏—é. –ü–æ–ø—Ä–æ–±—É–π—Ç–µ –µ—â—ë —Ä–∞–∑ –∏–ª–∏ –æ–±—Ä–∞—Ç–∏—Ç–µ—Å—å –≤ –ø–æ–¥–¥–µ—Ä–∂–∫—É.
hair_need_one,Please select at least one hair color to continue.,"–í—ã–±–µ—Ä–∏—Ç–µ —Ö–æ—Ç—è –±—ã –æ–¥–∏–Ω –≤–∞—Ä–∏–∞–Ω—Ç —Ü–≤–µ—Ç–∞ –≤–æ–ª–æ—Å, —á—Ç–æ–±—ã –ø—Ä–æ–¥–æ–ª–∂–∏—Ç—å."
hair_selected_header,Selected hair colors:,–í—ã–±—Ä–∞–Ω–Ω—ã–µ —Ü–≤–µ—Ç–∞ –≤–æ–ª–æ—Å:
help_header,Available commands,–î–æ—Å—Ç—É–ø–Ω—ã–µ –∫–æ–º–∞–Ω–¥—ã
help_items.buy,Top up balance with Stars,–ü–æ–ø–æ–ª–Ω–∏—Ç—å –±–∞–ª–∞–Ω—Å –∑–≤—ë–∑–¥–∞–º–∏
help_items.cancel,Cancel current scenario,–û—Ç–º–µ–Ω–∏—Ç—å —Ç–µ–∫—É—â–∏–π —Å—Ü–µ–Ω–∞—Ä–∏–π
help_items.examples,See examples (stub),–ü–æ—Å–º–æ—Ç—Ä–µ—Ç—å –ø—Ä–∏–º–µ—Ä—ã (–∑–∞–≥–ª—É—à–∫–∞)
help_items.generate,Generate virtual try-on shot from clothing photo,–°–≥–µ–Ω–µ—Ä–∏—Ä–æ–≤–∞—Ç—å –ø—Ä–∏–º–µ—Ä–æ—á–Ω—ã–π –∫–∞–¥—Ä –ø–æ —Ñ–æ—Ç–æ –≤–µ—â–∏
help_items.help,Show this help,–ü–æ–∫–∞–∑–∞—Ç—å —Å–ø—Ä–∞–≤–∫—É –ø–æ –∫–æ–º–∞–Ω–¥–∞–º
help_items.language,Change interface language,–í—ã–±—Ä–∞—Ç—å —è–∑—ã–∫ –∏–Ω—Ç–µ—Ä—Ñ–µ–π—Å–∞
help_items.profile,Show profile and balance,–ü–æ–∫–∞–∑–∞—Ç—å –ø—Ä–æ—Ñ–∏–ª—å –∏ –±–∞–ª–∞–Ω—Å
help_items.start,Reset state and show the welcome message,–°–±—Ä–æ—Å–∏—Ç—å —Å–æ—Å—Ç–æ—è–Ω–∏–µ –∏ –ø–æ–∫–∞–∑–∞—Ç—å –ø—Ä–∏–≤–µ—Ç—Å—Ç–≤–µ–Ω–Ω–æ–µ —Å–æ–æ–±—â–µ–Ω–∏–µ
history_empty,You don't have any completed generations yet.,–£ –≤–∞—Å –ø–æ–∫–∞ –Ω–µ—Ç –∑–∞–≤–µ—Ä—à—ë–Ω–Ω—ã—Ö –≥–µ–Ω–µ—Ä–∞—Ü–∏–π.
history_item,"üìÖ {datetime}
üí∞ Cost: {cost} credits
üìù Parameters: {params}","üìÖ {datetime}
üí∞ –°—Ç–æ–∏–º–æ—Å—Ç—å: {cost} –∫—Ä–µ–¥–∏—Ç–æ–≤
üìù –ü–∞—Ä–∞–º–µ—Ç—Ä—ã: {params}"
history_month_limit,Showing generations from the last month,–ü–æ–∫–∞–∑–∞–Ω—ã –≥–µ–Ω–µ—Ä–∞—Ü–∏–∏ –∑–∞ –ø–æ—Å–ª–µ–¥–Ω–∏–π –º–µ—Å—è—Ü
history_page,Page {page} of {total},–°—Ç—Ä–∞–Ω–∏—Ü–∞ {page} –∏–∑ {total}
history_title,üìú <b>Generation History</b>,üìú <b>–ò—Å—Ç–æ—Ä–∏—è –≥–µ–Ω–µ—Ä–∞—Ü–∏–π</b>
insufficient_balance,Insufficient balance for regeneration. Please top up your balance.,"–ù–µ–¥–æ—Å—Ç–∞—Ç–æ—á–Ω–æ —Å—Ä–µ–¥—Å—Ç–≤ –¥–ª—è –ø–æ–≤—Ç–æ—Ä–Ω–æ–π –≥–µ–Ω–µ—Ä–∞—Ü–∏–∏. –ü–æ–∂–∞–ª—É–π—Å—Ç–∞, –ø–æ–ø–æ–ª–Ω–∏—Ç–µ –±–∞–ª–∞–Ω—Å."
invoice_desc,"Pay any amount of Stars. In this demo 1 Star = 1 generation credit.
After payment your balance will be updated automatically.","–û–ø–ª–∞—Ç–∏—Ç–µ —É–¥–æ–±–Ω–æ–µ –∫–æ–ª–∏—á–µ—Å—Ç–≤–æ –∑–≤—ë–∑–¥. –í —ç—Ç–æ–º –¥–µ–º–æ 1 –∑–≤–µ–∑–¥–∞ = 1 –∫—Ä–µ–¥–∏—Ç –≥–µ–Ω–µ—Ä–∞—Ü–∏–∏.
–ü–æ—Å–ª–µ –æ–ø–ª–∞—Ç—ã –±–∞–ª–∞–Ω—Å –±—É–¥–µ—Ç –∞–≤—Ç–æ–º–∞—Ç–∏—á–µ—Å–∫–∏ –ø–æ–ø–æ–ª–Ω–µ–Ω."
invoice_title,Balance top-up (Stars),–ü–æ–ø–æ–ª–Ω–µ–Ω–∏–µ –±–∞–ª–∞–Ω—Å–∞ (–∑–≤—ë–∑–¥—ã)
kb_examples,üì∏ Examples,üì∏ –ü—Ä–∏–º–µ—Ä—ã
kb_generation,üé® Generation,üé® –ì–µ–Ω–µ—Ä–∞—Ü–∏—è
kb_my_account,üë§ My Account,üë§ –ú–æ–π –∞–∫–∫–∞—É–Ω—Ç
lang_switched,Interface language switched to: {lang},–Ø–∑—ã–∫ –∏–Ω—Ç–µ—Ä—Ñ–µ–π—Å–∞ –ø–µ—Ä–µ–∫–ª—é—á–µ–Ω –Ω–∞: {lang}
moving_to_angles,Moving to new angles and poses selection...,–ü–µ—Ä–µ—Ö–æ–¥ –∫ –≤—ã–±–æ—Ä—É –Ω–æ–≤—ã—Ö —Ä–∞–∫—É—Ä—Å–æ–≤ –∏ –ø–æ–∑...
moving_to_next_base,Moving to next base photo...,–ü–µ—Ä–µ—Ö–æ–¥ –∫ —Å–ª–µ–¥—É—é—â–µ–º—É –±–∞–∑–æ–≤–æ–º—É —Ñ–æ—Ç–æ...
multi_items_intro,"You have uploaded {count} items.

Next you will choose background, model gender, age, hair color, photo style and aspect ratio for the images.

How would you like to proceed?","–í—ã –∑–∞–≥—Ä—É–∑–∏–ª–∏ {count} –≤–µ—â–µ–π.

–î–∞–ª–µ–µ –≤—ã —Å–º–æ–∂–µ—Ç–µ –≤—ã–±—Ä–∞—Ç—å —Ñ–æ–Ω, –ø–æ–ª, –≤–æ–∑—Ä–∞—Å—Ç –∏ —Ü–≤–µ—Ç –≤–æ–ª–æ—Å –º–æ–¥–µ–ª–∏, —Å–æ–æ—Ç–Ω–æ—à–µ–Ω–∏–µ —Å—Ç–æ—Ä–æ–Ω –∏ —Å—Ç–∏–ª—å —Ñ–æ—Ç–æ –Ω–∞ –≤—ã—Ö–æ–¥–µ.

–ß—Ç–æ –≤–∞–º —É–¥–æ–±–Ω–µ–µ?"
multi_items_not_supported,Currently the bot supports generation for a single item only. Multi-item flow is coming soon.,–°–µ–π—á–∞—Å –±–æ—Ç –ø–æ–¥–¥–µ—Ä–∂–∏–≤–∞–µ—Ç –≥–µ–Ω–µ—Ä–∞—Ü–∏—é —Ç–æ–ª—å–∫–æ –ø–æ –æ–¥–Ω–æ–π –≤–µ—â–∏ –∑–∞ —Ä–∞–∑. –°—Ü–µ–Ω–∞—Ä–∏–π –¥–ª—è –Ω–µ—Å–∫–æ–ª—å–∫–∏—Ö –≤–µ—â–µ–π —Å–∫–æ—Ä–æ –ø–æ—è–≤–∏—Ç—Å—è.
no_credits,You don't have enough credits for generation. Please top up via /buy.,–ù–µ–¥–æ—Å—Ç–∞—Ç–æ—á–Ω–æ –∫—Ä–µ–¥–∏—Ç–æ–≤ –¥–ª—è –≥–µ–Ω–µ—Ä–∞—Ü–∏–∏. –ü–æ–ø–æ–ª–Ω–∏—Ç–µ –±–∞–ª–∞–Ω—Å —á–µ—Ä–µ–∑ /buy.
no_more_photos,No more photos in queue.,–ë–æ–ª—å—à–µ –Ω–µ—Ç —Ñ–æ—Ç–æ–≥—Ä–∞—Ñ–∏–π –≤ –æ—á–µ—Ä–µ–¥–∏.
payment_method_desc,Select your preferred payment method to top up balance:,–í—ã–±–µ—Ä–∏—Ç–µ —É–¥–æ–±–Ω—ã–π –¥–ª—è –≤–∞—Å —Å–ø–æ—Å–æ–± –ø–æ–ø–æ–ª–Ω–µ–Ω–∏—è –±–∞–ª–∞–Ω—Å–∞:
payment_method_title,üí≥ <b>Choose Payment Method</b>,üí≥ <b>–í—ã–±–µ—Ä–∏—Ç–µ —Å–ø–æ—Å–æ–± –æ–ø–ª–∞—Ç—ã</b>
payment_ok,"Stars payment succeeded.
Transaction ID: {charge_id}
Stars credited: {amount}","–û–ø–ª–∞—Ç–∞ –∑–≤—ë–∑–¥–∞–º–∏ –ø—Ä–æ—à–ª–∞ —É—Å–ø–µ—à–Ω–æ.
ID —Ç—Ä–∞–Ω–∑–∞–∫—Ü–∏–∏: {charge_id}
–ù–∞—á–∏—Å–ª–µ–Ω–æ –∑–≤—ë–∑–¥: {amount}"
payment_stars_desc,Payment via Telegram Stars,–û–ø–ª–∞—Ç–∞ —á–µ—Ä–µ–∑ Telegram Stars
payment_yookassa_desc,Bank card payment via YooKassa,–û–ø–ª–∞—Ç–∞ –±–∞–Ω–∫–æ–≤—Å–∫–æ–π –∫–∞—Ä—Ç–æ–π —á–µ—Ä–µ–∑ YooKassa
photo_approved,Photo approved!,–§–æ—Ç–æ —É—Ç–≤–µ—Ä–∂–¥–µ–Ω–æ!
photo_rejected,Photo rejected.,–§–æ—Ç–æ –æ—Ç–∫–ª–æ–Ω–µ–Ω–æ.
photo_review_question,What would you like to do with this photo?,–ß—Ç–æ —Å–¥–µ–ª–∞—Ç—å —Å —ç—Ç–∏–º —Ñ–æ—Ç–æ?
photo_review_title,Photo {current} of {total},–§–æ—Ç–æ {current} –∏–∑ {total}
processing_generation,Processing your image and starting generation‚Ä¶,–û–±—Ä–∞–±–∞—Ç—ã–≤–∞—é –∏–∑–æ–±—Ä–∞–∂–µ–Ω–∏–µ –∏ –∑–∞–ø—É—Å–∫–∞—é –≥–µ–Ω–µ—Ä–∞—Ü–∏—é‚Ä¶
profile_line_balance_credits,Credits (generations): {balance},–ö—Ä–µ–¥–∏—Ç—ã (–≥–µ–Ω–µ—Ä–∞—Ü–∏–∏): {balance}
profile_line_balance_money,Money balance: {balance} ‚ÇΩ,–î–µ–Ω–µ–∂–Ω—ã–π –±–∞–ª–∞–Ω—Å: {balance} ‚ÇΩ
profile_line_created,Created at: {created},–°–æ–∑–¥–∞–Ω: {created}
profile_line_id,ID: {user_id},ID: {user_id}
profile_line_lang,Current language: {lang},–¢–µ–∫—É—â–∏–π —è–∑—ã–∫: {lang}
profile_line_last_seen,Last activity: {last_seen},–ü–æ—Å–ª–µ–¥–Ω—è—è –∞–∫—Ç–∏–≤–Ω–æ—Å—Ç—å: {last_seen}
profile_line_txn,Successful top-ups: {count} for total {sum} {cur},–£—Å–ø–µ—à–Ω—ã—Ö –ø–æ–ø–æ–ª–Ω–µ–Ω–∏–π: {count} —à—Ç. –Ω–∞ —Å—É–º–º—É {sum} {cur}
profile_line_user,Username: @{username},Username: @{username}
profile_not_found,Profile is not created yet. Send /start to begin.,"–ü—Ä–æ—Ñ–∏–ª—å –µ—â—ë –Ω–µ —Å–æ–∑–¥–∞–Ω. –ù–∞–ø–∏—à–∏—Ç–µ /start, —á—Ç–æ–±—ã –Ω–∞—á–∞—Ç—å."
profile_title,Your profile,–í–∞—à –ø—Ä–æ—Ñ–∏–ª—å
prompt_upload_flat,"Please upload a photo of the clothing item on a neutral background.
It can lie flat or hang on a hanger.
We recommend cropping the image so that only the clothing you want to put on the model remains.

Send the image <b>as a document</b> to keep full quality.","–ó–∞–≥—Ä—É–∑–∏—Ç–µ —Ñ–æ—Ç–æ–≥—Ä–∞—Ñ–∏—é –æ–¥–µ–∂–¥—ã –Ω–∞ –Ω–µ–π—Ç—Ä–∞–ª—å–Ω–æ–º —Ñ–æ–Ω–µ.
–û–¥–µ–∂–¥–∞ –º–æ–∂–µ—Ç –ª–µ–∂–∞—Ç—å –∏–ª–∏ –≤–∏—Å–µ—Ç—å –Ω–∞ –≤–µ—à–∞–ª–∫–µ.
–†–µ–∫–æ–º–µ–Ω–¥—É–µ–º –æ–±—Ä–µ–∑–∞—Ç—å —Ñ–æ—Ç–æ —Ç–∞–∫, —á—Ç–æ–±—ã –Ω–∞ –Ω—ë–º –æ—Å—Ç–∞–≤–∞–ª–∞—Å—å —Ç–æ–ª—å–∫–æ –æ–¥–µ–∂–¥–∞, –∫–æ—Ç–æ—Ä—É—é –≤—ã —Ö–æ—Ç–∏—Ç–µ –Ω–∞–¥–µ—Ç—å –Ω–∞ –º–æ–¥–µ–ª—å.

–û—Ç–ø—Ä–∞–≤—å—Ç–µ –∏–∑–æ–±—Ä–∞–∂–µ–Ω–∏–µ <b>–∫–∞–∫ –¥–æ–∫—É–º–µ–Ω—Ç</b>, —á—Ç–æ–±—ã —Å–æ—Ö—Ä–∞–Ω–∏—Ç—å –∫–∞—á–µ—Å—Ç–≤–æ."
prompt_upload_on_mannequin,"IMPORTANT: the mannequin head must not be visible.
We recommend cropping the photo so that only the clothing you want to put on the model remains.

Send the image <b>as a document</b> to keep full quality.","–í–ê–ñ–ù–û: –Ω–∞ —Ñ–æ—Ç–æ –Ω–µ –¥–æ–ª–∂–Ω–æ –±—ã—Ç—å –≥–æ–ª–æ–≤—ã –º–∞–Ω–µ–∫–µ–Ω–∞.
–†–µ–∫–æ–º–µ–Ω–¥—É–µ–º –æ–±—Ä–µ–∑–∞—Ç—å —Ñ–æ—Ç–æ–≥—Ä–∞—Ñ–∏—é —Ç–∞–∫, —á—Ç–æ–±—ã –Ω–∞ –Ω—ë–º –æ—Å—Ç–∞–≤–∞–ª–∞—Å—å —Ç–æ–ª—å–∫–æ –æ–¥–µ–∂–¥–∞, –∫–æ—Ç–æ—Ä—É—é –≤—ã —Ö–æ—Ç–∏—Ç–µ –Ω–∞–¥–µ—Ç—å –Ω–∞ –º–æ–¥–µ–ª—å.

–û—Ç–ø—Ä–∞–≤—å—Ç–µ –∏–∑–æ–±—Ä–∞–∂–µ–Ω–∏–µ <b>–∫–∞–∫ –¥–æ–∫—É–º–µ–Ω—Ç</b>, —á—Ç–æ–±—ã —Å–æ—Ö—Ä–∞–Ω–∏—Ç—å –∫–∞—á–µ—Å—Ç–≤–æ."
prompt_upload_on_person,"IMPORTANT: there must be no faces or heads in the image.
We recommend cropping the photo so that only the clothing you want to put on the model remains.

Send the image <b>as a document</b> to keep full quality.","–í–ê–ñ–ù–û: –Ω–∞ —Ñ–æ—Ç–æ –Ω–µ –¥–æ–ª–∂–Ω–æ –±—ã—Ç—å –ª–∏—Ü –∏ –≥–æ–ª–æ–≤ –ª—é–¥–µ–π.
–†–µ–∫–æ–º–µ–Ω–¥—É–µ–º –æ–±—Ä–µ–∑–∞—Ç—å —Ñ–æ—Ç–æ–≥—Ä–∞—Ñ–∏—é —Ç–∞–∫, —á—Ç–æ–±—ã –Ω–∞ –Ω—ë–º –æ—Å—Ç–∞–≤–∞–ª–∞—Å—å —Ç–æ–ª—å–∫–æ –æ–¥–µ–∂–¥–∞, –∫–æ—Ç–æ—Ä—É—é –≤—ã —Ö–æ—Ç–∏—Ç–µ –Ω–∞–¥–µ—Ç—å –Ω–∞ –º–æ–¥–µ–ª—å.

–û—Ç–ø—Ä–∞–≤—å—Ç–µ –∏–∑–æ–±—Ä–∞–∂–µ–Ω–∏–µ <b>–∫–∞–∫ –¥–æ–∫—É–º–µ–Ω—Ç</b>, —á—Ç–æ–±—ã —Å–æ—Ö—Ä–∞–Ω–∏—Ç—å –∫–∞—á–µ—Å—Ç–≤–æ."
rear_view_prompt,Upload a photo of this item from behind,–ó–∞–≥—Ä—É–∑–∏—Ç–µ —Ñ–æ—Ç–æ —ç—Ç–æ–π –≤–µ—â–∏ —Å–∑–∞–¥–∏
redo_question,Would you like to redo the photo?,–•–æ—Ç–∏—Ç–µ –ø–µ—Ä–µ–¥–µ–ª–∞—Ç—å —Ñ–æ—Ç–æ?
scenario_back_view,Back view,–†–∞–∫—É—Ä—Å —Å–∑–∞–¥–∏
scenario_change_angle,Change angle,–°–º–µ–Ω–∞ —Ä–∞–∫—É—Ä—Å–∞
scenario_change_pose,Change pose,–°–º–µ–Ω–∞ –ø–æ–∑—ã
scenario_full_body,Full body shot,–ö–∞–¥—Ä –≤ –ø–æ–ª–Ω—ã–π —Ä–æ—Å—Ç
scenario_initial_generation,Initial try-on generation,–ë–∞–∑–æ–≤–∞—è –≥–µ–Ω–µ—Ä–∞—Ü–∏—è –ø—Ä–∏–º–µ—Ä–æ—á–Ω–æ–≥–æ –∫–∞–¥—Ä–∞
scenario_lower_body,Lower body shot,–ö–∞–¥—Ä –ø–æ –Ω–∏–∂–Ω—é—é —á–∞—Å—Ç—å —Ç–µ–ª–∞
scenario_regenerate_new,Regenerate with new settings,–ü–æ–≤—Ç–æ—Ä–Ω–∞—è –≥–µ–Ω–µ—Ä–∞—Ü–∏—è —Å –Ω–æ–≤—ã–º–∏ –Ω–∞—Å—Ç—Ä–æ–π–∫–∞–º–∏
scenario_regenerate_same,Regenerate with the same settings,–ü–æ–≤—Ç–æ—Ä–Ω–∞—è –≥–µ–Ω–µ—Ä–∞—Ü–∏—è —Å —Ç–µ–º–∏ –∂–µ –Ω–∞—Å—Ç—Ä–æ–π–∫–∞–º–∏
scenario_upper_body,Upper body shot,–ö–∞–¥—Ä –ø–æ –≤–µ—Ä—Ö–Ω—é—é —á–∞—Å—Ç—å —Ç–µ–ª–∞
send_photo_prompt,"Please send a photo of the clothing item.

It can be worn on a person, on a mannequin, or on a hanger, as long as the item is clearly visible.","–û—Ç–ø—Ä–∞–≤—å—Ç–µ, –ø–æ–∂–∞–ª—É–π—Å—Ç–∞, —Ñ–æ—Ç–æ –≤–µ—â–∏.

–ü–æ–¥—Ö–æ–¥–∏—Ç: –æ–¥–µ–∂–¥–∞ –Ω–∞ —á–µ–ª–æ–≤–µ–∫–µ, –º–∞–Ω–µ–∫–µ–Ω–µ –∏–ª–∏ –≤–µ—à–∞–ª–∫–µ, –≥–ª–∞–≤–Ω–æ–µ ‚Äî —á—Ç–æ–±—ã —Å–∞–º–∞ –≤–µ—â—å –±—ã–ª–∞ —Ö–æ—Ä–æ—à–æ –≤–∏–¥–Ω–∞."
settings_age_title,Choose model age:,–í—ã–±–µ—Ä–∏—Ç–µ –≤–æ–∑—Ä–∞—Å—Ç –º–æ–¥–µ–ª–∏:
settings_aspect_title,"Select one or more aspect ratios.

All images are generated in 4K resolution. Multiple aspect ratios increase the number of images.","–í—ã–±–µ—Ä–∏—Ç–µ –æ–¥–Ω–æ –∏–ª–∏ –Ω–µ—Å–∫–æ–ª—å–∫–æ —Å–æ–æ—Ç–Ω–æ—à–µ–Ω–∏–π —Å—Ç–æ—Ä–æ–Ω –∫–∞–¥—Ä–∞.

–í—Å–µ —Ñ–æ—Ç–æ —Å–æ–∑–¥–∞—é—Ç—Å—è –≤ —Ä–∞–∑—Ä–µ—à–µ–Ω–∏–∏ 4K. –ù–µ—Å–∫–æ–ª—å–∫–æ —Å–æ–æ—Ç–Ω–æ—à–µ–Ω–∏–π —Å—Ç–æ—Ä–æ–Ω —É–≤–µ–ª–∏—á–∏–≤–∞—é—Ç –∫–æ–ª–∏—á–µ—Å—Ç–≤–æ —Ñ–æ—Ç–æ."
settings_background_title,"Choose background color for your try-on photo.

Background affects the final look of the image.","–í—ã–±–µ—Ä–∏—Ç–µ —Ü–≤–µ—Ç —Ñ–æ–Ω–∞ –¥–ª—è —Å–æ–∑–¥–∞–Ω–∏—è —Ñ–æ—Ç–æ –≤–∞—à–µ–π –≤–µ—â–∏ –Ω–∞ –º–æ–¥–µ–ª–∏.

–í–∞–∂–Ω–æ: –≤—ã–±–æ—Ä —Ñ–æ–Ω–∞ –≤–ª–∏—è–µ—Ç –Ω–∞ –∏—Ç–æ–≥–æ–≤—ã–π –≤–∏–¥ —Ñ–æ—Ç–æ."
settings_gender_title,Choose model gender:,–í—ã–±–µ—Ä–∏—Ç–µ –ø–æ–ª –º–æ–¥–µ–ª–∏:
settings_hair_title,"Select one or more hair colors for the model.

IMPORTANT: choosing multiple options here and in other steps (background, style, aspect ratio) multiplies the number of images.
Option ‚ÄúAny‚Äù does not increase the image count and does not add a hair-color constraint to the prompt.","–í—ã–±–µ—Ä–∏—Ç–µ –æ–¥–∏–Ω –∏–ª–∏ –Ω–µ—Å–∫–æ–ª—å–∫–æ —Ü–≤–µ—Ç–æ–≤ –≤–æ–ª–æ—Å –º–æ–¥–µ–ª–∏.

–í–ê–ñ–ù–û: –≤—ã–±–æ—Ä –Ω–µ—Å–∫–æ–ª—å–∫–∏—Ö –≤–∞—Ä–∏–∞–Ω—Ç–æ–≤ –≤ —ç—Ç–æ–º –∏ –¥—Ä—É–≥–∏—Ö –ø—É–Ω–∫—Ç–∞—Ö (—Ñ–æ–Ω, —Å—Ç–∏–ª—å, —Å–æ–æ—Ç–Ω–æ—à–µ–Ω–∏–µ —Å—Ç–æ—Ä–æ–Ω) –ø–µ—Ä–µ–º–Ω–æ–∂–∞–µ—Ç –∫–æ–ª–∏—á–µ—Å—Ç–≤–æ —Å–æ–∑–¥–∞–≤–∞–µ–º—ã—Ö —Ñ–æ—Ç–æ.
–í–∞—Ä–∏–∞–Ω—Ç ¬´–õ—é–±–æ–π¬ª –Ω–µ —É–≤–µ–ª–∏—á–∏–≤–∞–µ—Ç –∫–æ–ª–∏—á–µ—Å—Ç–≤–æ —Ñ–æ—Ç–æ –∏ –Ω–µ –¥–æ–±–∞–≤–ª—è–µ—Ç —É—Ç–æ—á–Ω–µ–Ω–∏–µ –ø–æ —Ü–≤–µ—Ç—É –≤–æ–ª–æ—Å –≤ –ø—Ä–æ–º–ø—Ç."
settings_intro_single,"You have uploaded {count} item. Next you will select background, model gender, age and hair color, aspect ratio and photo style.","–í—ã –∑–∞–≥—Ä—É–∑–∏–ª–∏ {count} –≤–µ—â—å. –î–∞–ª–µ–µ –≤—ã —Å–º–æ–∂–µ—Ç–µ –≤—ã–±—Ä–∞—Ç—å —Ñ–æ–Ω, –ø–æ–ª, –≤–æ–∑—Ä–∞—Å—Ç –∏ —Ü–≤–µ—Ç –≤–æ–ª–æ—Å –º–æ–¥–µ–ª–∏, —Å–æ–æ—Ç–Ω–æ—à–µ–Ω–∏–µ —Å—Ç–æ—Ä–æ–Ω –∏ —Å—Ç–∏–ª—å —Ñ–æ—Ç–æ –Ω–∞ –≤—ã—Ö–æ–¥–µ."
settings_style_title,"Select one or more output photo styles.

The style affects how the model and clothing will look. Multiple styles increase the number of generated images.","–í—ã–±–µ—Ä–∏—Ç–µ –æ–¥–∏–Ω –∏–ª–∏ –Ω–µ—Å–∫–æ–ª—å–∫–æ —Å—Ç–∏–ª–µ–π —Ñ–æ—Ç–æ –Ω–∞ –≤—ã—Ö–æ–¥–µ.

–°—Ç–∏–ª—å –≤–ª–∏—è–µ—Ç –Ω–∞ —Ç–æ, –∫–∞–∫ –Ω–µ–π—Ä–æ—Å–µ—Ç—å –æ–±—Ä–∞–±–æ—Ç–∞–µ—Ç –æ–¥–µ–∂–¥—É –∏ –º–æ–¥–µ–ª—å. –ù–µ—Å–∫–æ–ª—å–∫–æ —Å—Ç–∏–ª–µ–π —É–≤–µ–ª–∏—á–∏–≤–∞—é—Ç –∫–æ–ª–∏—á–µ—Å—Ç–≤–æ —Å–æ–∑–¥–∞–≤–∞–µ–º—ã—Ö —Ñ–æ—Ç–æ."
start_desc,"I help you turn photos of your clothing items into realistic model shots.

Upload a photo of an item, choose background, style and model parameters ‚Äî I will build a prompt and send it to the Seedream 4.0 model.

Generation flow is still under development, but you can already manage your profile and top up balance with Telegram Stars.","–Ø –ø–æ–º–æ–≥—É –ø—Ä–µ–≤—Ä–∞—Ç–∏—Ç—å —Ñ–æ—Ç–æ –≤–∞—à–µ–π –æ–¥–µ–∂–¥—ã –≤ —Ä–µ–∞–ª–∏—Å—Ç–∏—á–Ω—ã–µ –∫–∞–¥—Ä—ã –Ω–∞ –º–æ–¥–µ–ª—è—Ö.

–ó–∞–≥—Ä—É–∑–∏—Ç–µ —Ñ–æ—Ç–æ –≤–µ—â–∏, –≤—ã–±–µ—Ä–∏—Ç–µ —Ñ–æ–Ω, —Å—Ç–∏–ª—å, –ø–∞—Ä–∞–º–µ—Ç—Ä—ã –º–æ–¥–µ–ª–∏ ‚Äî –∞ —è –ø–æ–¥–≥–æ—Ç–æ–≤–ª—é –ø—Ä–æ–º–ø—Ç –∏ –æ—Ç–ø—Ä–∞–≤–ª—é –∑–∞–ø—Ä–æ—Å –≤ –Ω–µ–π—Ä–æ—Å–µ—Ç—å Seedream 4.0.

–ü–æ–∫–∞ –≥–µ–Ω–µ—Ä–∞—Ü–∏—è –≤ —Ä–∞–∑—Ä–∞–±–æ—Ç–∫–µ, –Ω–æ –≤—ã —É–∂–µ –º–æ–∂–µ—Ç–µ –Ω–∞—Å—Ç—Ä–∞–∏–≤–∞—Ç—å –ø—Ä–æ—Ñ–∏–ª—å –∏ –ø–æ–ø–æ–ª–Ω—è—Ç—å –±–∞–ª–∞–Ω—Å –∑–≤—ë–∑–¥–∞–º–∏."
start_title,Hi! This is the Seedream virtual try-on bot.,–ü—Ä–∏–≤–µ—Ç! –≠—Ç–æ –±–æ—Ç –≤–∏—Ä—Ç—É–∞–ª—å–Ω–æ–π –ø—Ä–∏–º–µ—Ä–æ—á–Ω–æ–π Seedream.
style_need_one,Please select at least one style to continue.,"–í—ã–±–µ—Ä–∏—Ç–µ —Ö–æ—Ç—è –±—ã –æ–¥–∏–Ω —Å—Ç–∏–ª—å, —á—Ç–æ–±—ã –ø—Ä–æ–¥–æ–ª–∂–∏—Ç—å."
style_selected_header,Selected styles:,–í—ã–±—Ä–∞–Ω–Ω—ã–µ —Å—Ç–∏–ª–∏:
task_queued,"Your request has been queued (ID: {task_id}).
The model is processing it now.","–ó–∞–¥–∞—á–∞ –ø–æ—Å—Ç–∞–≤–ª–µ–Ω–∞ –≤ –æ—á–µ—Ä–µ–¥—å (ID: {task_id}).
–ò–¥—ë—Ç –æ–±—Ä–∞–±–æ—Ç–∫–∞ –Ω–∞ —Å–µ—Ä–≤–µ—Ä–µ –Ω–µ–π—Ä–æ—Å–µ—Ç–∏."
unknown_lang,Unknown language. Please try again.,–ù–µ–∏–∑–≤–µ—Å—Ç–Ω—ã–π —è–∑—ã–∫. –ü–æ–ø—Ä–æ–±—É–π—Ç–µ –µ—â—ë —Ä–∞–∑.
upload_doc_only,Please send the photo as a document in original quality (without compression).,"–ü–æ–∂–∞–ª—É–π—Å—Ç–∞, –æ—Ç–ø—Ä–∞–≤—å—Ç–µ —Ñ–æ—Ç–æ –∫–∞–∫ –¥–æ–∫—É–º–µ–Ω—Ç –≤ –æ—Ä–∏–≥–∏–Ω–∞–ª—å–Ω–æ–º –∫–∞—á–µ—Å—Ç–≤–µ (–±–µ–∑ —Å–∂–∞—Ç–∏—è)."
upload_doc_wrong_type,This does not look like an image. Please send the clothing photo as a document (file).,"–≠—Ç–æ –Ω–µ –ø–æ—Ö–æ–∂–µ –Ω–∞ –∏–∑–æ–±—Ä–∞–∂–µ–Ω–∏–µ. –ü–æ–∂–∞–ª—É–π—Å—Ç–∞, –æ—Ç–ø—Ä–∞–≤—å—Ç–µ —Ñ–æ—Ç–æ–≥—Ä–∞—Ñ–∏—é –æ–¥–µ–∂–¥—ã –∫–∞–∫ –¥–æ–∫—É–º–µ–Ω—Ç (—Ñ–∞–π–ª)."
upload_intro_full,"<b>Upload photos of the items you want to put on the model.</b>

Step 1. Read the guidelines:
- Crop the photo to remove anything that is not the clothing item.
- There must be no human or mannequin heads in the image.
- Higher resolution gives better results.
- Complex metallic hardware may not be rendered perfectly.
- Zippers may require more attempts to look correct.

Step 2. Choose the type of your photo:
- Clothing only (lying or hanging)
- On a person (no face, minimum distractions)
- On a mannequin (no mannequin head)

Step 3. Upload a photo of one or several items.
Important: each uploaded photo counts as a separate item.","<b>–ó–∞–≥—Ä—É–∑–∏—Ç–µ —Ñ–æ—Ç–æ–≥—Ä–∞—Ñ–∏–∏ –≤–µ—â–µ–π, –∫–æ—Ç–æ—Ä—ã–µ —Ö–æ—Ç–∏—Ç–µ –Ω–∞–¥–µ—Ç—å –Ω–∞ –º–æ–¥–µ–ª—å.</b>

–®–∞–≥ 1. –ò–∑—É—á–∏—Ç–µ —Ä–µ–∫–æ–º–µ–Ω–¥–∞—Ü–∏–∏:
- –û–±—Ä–µ–∂—å—Ç–µ —Ñ–æ—Ç–æ: –æ—Å—Ç–∞–≤—å—Ç–µ –º–∏–Ω–∏–º—É–º –ª–∏—à–Ω–µ–≥–æ –ø–æ–º–∏–º–æ –Ω—É–∂–Ω–æ–π –æ–¥–µ–∂–¥—ã.
- –ù–∞ —Ñ–æ—Ç–æ –Ω–µ –¥–æ–ª–∂–Ω–æ –±—ã—Ç—å –ª–∏—Ü –∏ –≥–æ–ª–æ–≤ –ª—é–¥–µ–π –∏–ª–∏ –º–∞–Ω–µ–∫–µ–Ω–æ–≤.
- –ß–µ–º –≤—ã—à–µ —Ä–∞–∑—Ä–µ—à–µ–Ω–∏–µ —Ñ–æ—Ç–æ, —Ç–µ–º –ª—É—á—à–µ —Ä–µ–∑—É–ª—å—Ç–∞—Ç.
- –°–ª–æ–∂–Ω–∞—è –º–µ—Ç–∞–ª–ª–∏—á–µ—Å–∫–∞—è —Ñ—É—Ä–Ω–∏—Ç—É—Ä–∞ –º–æ–∂–µ—Ç –æ—Ç–æ–±—Ä–∞–∂–∞—Ç—å—Å—è –Ω–µ–∫–æ—Ä—Ä–µ–∫—Ç–Ω–æ.
- –û—Ç–æ–±—Ä–∞–∂–µ–Ω–∏–µ –æ–¥–µ–∂–¥—ã –Ω–∞ –º–æ–ª–Ω–∏—è—Ö –º–æ–∂–µ—Ç –ø–æ—Ç—Ä–µ–±–æ–≤–∞—Ç—å –±–æ–ª—å—à–µ –ø–æ–ø—ã—Ç–æ–∫.

–®–∞–≥ 2. –í—ã–±–µ—Ä–∏—Ç–µ —Ç–∏–ø –∑–∞–≥—Ä—É–∂–∞–µ–º–æ–π —Ñ–æ—Ç–æ–≥—Ä–∞—Ñ–∏–∏:
- –§–æ—Ç–æ –æ–¥–µ–∂–¥—ã (–ª–µ–∂–∏—Ç –∏–ª–∏ –≤–∏—Å–∏—Ç –Ω–∞ –≤–µ—à–∞–ª–∫–µ)
- –§–æ—Ç–æ –Ω–∞ —á–µ–ª–æ–≤–µ–∫–µ (–±–µ–∑ –ª–∏—Ü–∞ –∏ –ª–∏—à–Ω–∏—Ö —ç–ª–µ–º–µ–Ω—Ç–æ–≤)
- –§–æ—Ç–æ –Ω–∞ –º–∞–Ω–µ–∫–µ–Ω–µ (–±–µ–∑ –≥–æ–ª–æ–≤—ã –º–∞–Ω–µ–∫–µ–Ω–∞)

–®–∞–≥ 3. –ó–∞–≥—Ä—É–∑–∏—Ç–µ —Ñ–æ—Ç–æ–≥—Ä–∞—Ñ–∏—é –æ–¥–Ω–æ–π –∏–ª–∏ –Ω–µ—Å–∫–æ–ª—å–∫–∏—Ö –≤–µ—â–µ–π.
–í–∞–∂–Ω–æ: –∫–∞–∂–¥–æ–µ –∑–∞–≥—Ä—É–∂–µ–Ω–Ω–æ–µ —Ñ–æ—Ç–æ —Å—á–∏—Ç–∞–µ—Ç—Å—è –æ—Ç–¥–µ–ª—å–Ω–æ–π –≤–µ—â—å—é."
variant_result,Generation result:,–†–µ–∑—É–ª—å—Ç–∞—Ç –≥–µ–Ω–µ—Ä–∞—Ü–∏–∏:
yookassa_check_error,"‚ùå Error checking payment status.
Please try again later.","‚ùå –û—à–∏–±–∫–∞ –ø—Ä–∏ –ø—Ä–æ–≤–µ—Ä–∫–µ –ø–ª–∞—Ç–µ–∂–∞.
–ü–æ–ø—Ä–æ–±—É–π—Ç–µ –ø–æ–∑–∂–µ."
yookassa_checking,Checking payment status...,–ü—Ä–æ–≤–µ—Ä—è–µ–º —Å—Ç–∞—Ç—É—Å –ø–ª–∞—Ç–µ–∂–∞...
yookassa_not_configured,‚ùå YooKassa payment is temporarily unavailable,‚ùå –û–ø–ª–∞—Ç–∞ —á–µ—Ä–µ–∑ YooKassa –≤—Ä–µ–º–µ–Ω–Ω–æ –Ω–µ–¥–æ—Å—Ç—É–ø–Ω–∞
yookassa_payment_created,"üßæ <b>Payment Created!</b>

üí∞ Amount: {amount} {currency}
üìù Description: {description}
üÜî Payment ID: <code>{payment_id}</code>

Click the button below to proceed with payment.","üßæ <b>–ü–ª–∞—Ç–µ–∂ —Å–æ–∑–¥–∞–Ω!</b>

üí∞ –°—É–º–º–∞: {amount} {currency}
üìù –û–ø–∏—Å–∞–Ω–∏–µ: {description}
üÜî ID –ø–ª–∞—Ç–µ–∂–∞: <code>{payment_id}</code>

–ù–∞–∂–º–∏—Ç–µ –∫–Ω–æ–ø–∫—É –Ω–∏–∂–µ –¥–ª—è –ø–µ—Ä–µ—Ö–æ–¥–∞ –∫ –æ–ø–ª–∞—Ç–µ."
yookassa_payment_error,"‚ùå Error creating payment.
Please try again later.","‚ùå –û—à–∏–±–∫–∞ –ø—Ä–∏ —Å–æ–∑–¥–∞–Ω–∏–∏ –ø–ª–∞—Ç–µ–∂–∞.
–ü–æ–ø—Ä–æ–±—É–π—Ç–µ –ø–æ–∑–∂–µ."
yookassa_status_canceled,‚ùå Payment canceled,‚ùå –ü–ª–∞—Ç–µ–∂ –æ—Ç–º–µ–Ω–µ–Ω
yookassa_status_pending,‚è≥ Payment pending,‚è≥ –ü–ª–∞—Ç–µ–∂ –æ–∂–∏–¥–∞–µ—Ç –æ–ø–ª–∞—Ç—ã
yookassa_status_succeeded,"‚úÖ <b>Payment Successful!</b>

üí∞ Amount: {amount} {currency}
üÜî Payment ID: <code>{payment_id}</code>

Thank you! Your balance has been updated.","‚úÖ <b>–ü–ª–∞—Ç–µ–∂ —É—Å–ø–µ—à–Ω–æ –∑–∞–≤–µ—Ä—à–µ–Ω!</b>

üí∞ –°—É–º–º–∞: {amount} {currency}
üÜî ID –ø–ª–∞—Ç–µ–∂–∞: <code>{payment_id}</code>

–°–ø–∞—Å–∏–±–æ –∑–∞ –æ–ø–ª–∞—Ç—É! –ë–∞–ª–∞–Ω—Å –æ–±–Ω–æ–≤–ª–µ–Ω."
yookassa_status_waiting,‚è≥ Payment awaiting confirmation,‚è≥ –ü–ª–∞—Ç–µ–∂ –æ–∂–∏–¥–∞–µ—Ç –ø–æ–¥—Ç–≤–µ—Ä–∂–¥–µ–Ω–∏—è
